A;B;C;D;E;F;G;H;I;J;K;L;M;O;P;Q;R;S
638;23/05/17;27/11/18;674144,56750500;6827095,32006000;74732;Bloc chirurgical;Bloc opératoire;54,BOULEVARD ARISTIDE BRIAND;77000;Melun;Non renseigné;77288;59445;UO_00120;uo;54 Boulevard Aristide Briand 77000 Melun;0,85158182
639;23/05/17;27/11/18;674144,56750500;6827095,32006000;74277;Hospitalisation vasculaire périphérique;Hospitalisation complète (HC) chirurgie vasculaire;54,BOULEVARD ARISTIDE BRIAND;77000;Melun;Non renseigné;77288;59445;UO_00306;uo;54 Boulevard Aristide Briand 77000 Melun;0,85158182
640;23/05/17;27/11/18;674144,56750500;6827095,32006000;74278;Ambulatoire vasculaire périphérique;Chirurgie ambulatoire vasculaire;54,BOULEVARD ARISTIDE BRIAND;77000;Melun;Non renseigné;77288;59445;UO_00160;uo;54 Boulevard Aristide Briand 77000 Melun;0,85158182
641;23/05/17;27/11/18;674144,56750500;6827095,32006000;74280;Hospitalisation ORL;Hospitalisation complète (HC) oto-rhino-laryngologie (ORL) et chirurgie cervico-faciale;54,BOULEVARD ARISTIDE BRIAND;77000;Melun;Non renseigné;77288;59445;UO_00485;uo;54 Boulevard Aristide Briand 77000 Melun;0,85158182
642;23/05/17;27/11/18;674144,56750500;6827095,32006000;74281;Ambulatoire ORL;Chirurgie ambulatoire oto-rhino-laryngologie (ORL) et cervico-faciale;54,BOULEVARD ARISTIDE BRIAND;77000;Melun;Non renseigné;77288;59445;UO_00153;uo;54 Boulevard Aristide Briand 77000 Melun;0,85158182
643;23/05/17;27/11/18;674144,56750500;6827095,32006000;74285;Pneumologie;Salle d'endoscopie broncho-pulmonaire (fibroscopie broncho-pulmonaire);54,BOULEVARD ARISTIDE BRIAND;77000;Melun;Non renseigné;77288;59445;UO_00544;uo;54 Boulevard Aristide Briand 77000 Melun;0,85158182
644;23/05/17;27/11/18;674144,56750500;6827095,32006000;74289;Urgences chirurgie;Accueil urgences chirurgie;54,BOULEVARD ARISTIDE BRIAND;77000;Melun;Non renseigné;77288;59445;UO_00091;uo;54 Boulevard Aristide Briand 77000 Melun;0,85158182
645;23/05/17;27/11/18;674144,56750500;6827095,32006000;74290;Urgences médecine;Accueil urgences médecine;54,BOULEVARD ARISTIDE BRIAND;77000;Melun;Non renseigné;77288;59445;UO_00093;uo;54 Boulevard Aristide Briand 77000 Melun;0,85158182
646;23/05/17;27/11/18;674144,56750500;6827095,32006000;74291;Salle de déchocage;Salle d'accueil des urgences vitales (SAUV) - déchocage;54,BOULEVARD ARISTIDE BRIAND;77000;Melun;Non renseigné;77288;59445;UO_00518;uo;54 Boulevard Aristide Briand 77000 Melun;0,85158182
647;23/05/17;27/11/18;674144,56750500;6827095,32006000;74292;Unité d'hospitalisation de courte durée;Unité d'hospitalisation de courte durée (UHCD), lits porte;54,BOULEVARD ARISTIDE BRIAND;77000;Melun;Non renseigné;77288;59445;UO_00605;uo;54 Boulevard Aristide Briand 77000 Melun;0,85158182
648;23/05/17;27/11/18;674144,56750500;6827095,32006000;74296;Echographie;Salle d'échographie;54,BOULEVARD ARISTIDE BRIAND;77000;Melun;Non renseigné;77288;59445;UO_00539;uo;54 Boulevard Aristide Briand 77000 Melun;0,85158182
649;23/05/17;27/11/18;674144,56750500;6827095,32006000;74297;Radiologie conventionnelle;Salle de radiologie conventionnelle;54,BOULEVARD ARISTIDE BRIAND;77000;Melun;Non renseigné;77288;59445;UO_00530;uo;54 Boulevard Aristide Briand 77000 Melun;0,85158182
650;23/05/17;27/11/18;674144,56750500;6827095,32006000;74298;Scanner;Salle de scanner (TDM);54,BOULEVARD ARISTIDE BRIAND;77000;Melun;Non renseigné;77288;59445;UO_00533;uo;54 Boulevard Aristide Briand 77000 Melun;0,85158182
651;23/05/17;27/11/18;674144,56750500;6827095,32006000;74256;Hospitalisation complète;Hospitalisation complète (HC) cardiologie;54,BOULEVARD ARISTIDE BRIAND;77000;Melun;Non renseigné;77288;59445;UO_00294;uo;54 Boulevard Aristide Briand 77000 Melun;0,85158182
652;23/05/17;27/11/18;674144,56750500;6827095,32006000;74257;Unité de surveillance continue;Unité de surveillance continue (USC) cardiologie;54,BOULEVARD ARISTIDE BRIAND;77000;Melun;Non renseigné;77288;59445;UO_00589;uo;54 Boulevard Aristide Briand 77000 Melun;0,85158182
653;23/05/17;27/11/18;674144,56750500;6827095,32006000;74259;USIC;Unité de soins intensifs cardiologie (USIC);54,BOULEVARD ARISTIDE BRIAND;77000;Melun;Non renseigné;77288;59445;UO_00583;uo;54 Boulevard Aristide Briand 77000 Melun;0,85158182
654;23/05/17;27/11/18;674144,56750500;6827095,32006000;74262;Echographie cardiaque;Salle d'échographie cardiaque;54,BOULEVARD ARISTIDE BRIAND;77000;Melun;Non renseigné;77288;59445;UO_00540;uo;54 Boulevard Aristide Briand 77000 Melun;0,85158182
655;23/05/17;27/11/18;674144,56750500;6827095,32006000;74263;Coronarographie;Salle de coronarographie diagnostique et interventionnelle;54,BOULEVARD ARISTIDE BRIAND;77000;Melun;Non renseigné;77288;59445;UO_00522;uo;54 Boulevard Aristide Briand 77000 Melun;0,85158182
656;23/05/17;27/11/18;674144,56750500;6827095,32006000;74266;Salle d'électrophysiologie;Salle d'électro-physiologie;54,BOULEVARD ARISTIDE BRIAND;77000;Melun;Non renseigné;77288;59445;UO_00543;uo;54 Boulevard Aristide Briand 77000 Melun;0,85158182
657;23/05/17;27/11/18;674144,56750500;6827095,32006000;74269;Hospitalisation orthopédie;Hospitalisation complète (HC) chirurgie orthopédique et traumatologie;54,BOULEVARD ARISTIDE BRIAND;77000;Melun;Non renseigné;77288;59445;UO_00301;uo;54 Boulevard Aristide Briand 77000 Melun;0,85158182
658;23/05/17;27/11/18;674144,56750500;6827095,32006000;74273;Ambulatoire viscérale;Chirurgie ambulatoire viscérale et digestive;54,BOULEVARD ARISTIDE BRIAND;77000;Melun;Non renseigné;77288;59445;UO_00161;uo;54 Boulevard Aristide Briand 77000 Melun;0,85158182
659;23/05/17;27/11/18;674144,56750500;6827095,32006000;74942;SSPI;Salle de surveillance post-interventionnelle SSPI (réveil);54,BOULEVARD ARISTIDE BRIAND;77000;Melun;Non renseigné;77288;59445;UO_00535;uo;54 Boulevard Aristide Briand 77000 Melun;0,85158182
660;23/05/17;27/11/18;674144,56750500;6827095,32006000;74265;Hospitalisation rythmologique;Hospitalisation complète (HC) rythmologie;54,BOULEVARD ARISTIDE BRIAND;77000;Melun;Non renseigné;77288;59445;UO_00494;uo;54 Boulevard Aristide Briand 77000 Melun;0,85158182
661;23/05/17;27/11/18;674144,56750500;6827095,32006000;74270;Ambulatoire orthopédie;Chirurgie ambulatoire orthopédique et traumatologie;54,BOULEVARD ARISTIDE BRIAND;77000;Melun;Non renseigné;77288;59445;UO_00152;uo;54 Boulevard Aristide Briand 77000 Melun;0,85158182
662;23/05/17;27/11/18;674144,56750500;6827095,32006000;74272;Hospitalisation viscérale;Hospitalisation complète (HC) chirurgie viscérale et digestive;54,BOULEVARD ARISTIDE BRIAND;77000;Melun;Non renseigné;77288;59445;UO_00307;uo;54 Boulevard Aristide Briand 77000 Melun;0,85158182
663;23/05/17;27/11/18;674144,56750500;6827095,32006000;201013;Consultation anesthésie;Consultation anesthésie;54,BOULEVARD ARISTIDE BRIAND;77000;Melun;Non renseigné;77288;59445;UO_00168;uo;54 Boulevard Aristide Briand 77000 Melun;0,85158182
664;23/05/17;27/11/18;674144,56750500;6827095,32006000;201014;Consultation cardiologique;Consultation cardiologie;54,BOULEVARD ARISTIDE BRIAND;77000;Melun;Non renseigné;77288;59445;UO_00173;uo;54 Boulevard Aristide Briand 77000 Melun;0,85158182
665;23/05/17;27/11/18;674144,56750500;6827095,32006000;201015;Consultation coronarographie;Consultation cardiologie;54,BOULEVARD ARISTIDE BRIAND;77000;Melun;Non renseigné;77288;59445;UO_00173;uo;54 Boulevard Aristide Briand 77000 Melun;0,85158182
666;23/05/17;27/11/18;674144,56750500;6827095,32006000;201016;Consultation ORL;Consultation oto-rhino-laryngologie (ORL) et chirurgie cervico-faciale;54,BOULEVARD ARISTIDE BRIAND;77000;Melun;Non renseigné;77288;59445;UO_00237;uo;54 Boulevard Aristide Briand 77000 Melun;0,85158182
667;23/05/17;27/11/18;674144,56750500;6827095,32006000;201017;Consultation orthopédie adulte;Consultation chirurgie orthopédique et traumatologie;54,BOULEVARD ARISTIDE BRIAND;77000;Melun;Non renseigné;77288;59445;UO_00184;uo;54 Boulevard Aristide Briand 77000 Melun;0,85158182
668;23/05/17;27/11/18;674144,56750500;6827095,32006000;201018;Consultation orthopédie infantile;Consultation chirurgie orthopédique et traumatologie;54,BOULEVARD ARISTIDE BRIAND;77000;Melun;Non renseigné;77288;59445;UO_00184;uo;54 Boulevard Aristide Briand 77000 Melun;0,85158182
669;23/05/17;27/11/18;674144,56750500;6827095,32006000;201019;Consultation radiologie;Consultation imagerie médicale (radiologie);54,BOULEVARD ARISTIDE BRIAND;77000;Melun;Non renseigné;77288;59445;UO_00210;uo;54 Boulevard Aristide Briand 77000 Melun;0,85158182
670;23/05/17;27/11/18;674144,56750500;6827095,32006000;201020;Consultation scanner;Consultation scanner (TDM);54,BOULEVARD ARISTIDE BRIAND;77000;Melun;Non renseigné;77288;59445;UO_00255;uo;54 Boulevard Aristide Briand 77000 Melun;0,85158182
671;23/05/17;27/11/18;674144,56750500;6827095,32006000;201041;Consultation vasculaire;Consultation chirurgie vasculaire;54,BOULEVARD ARISTIDE BRIAND;77000;Melun;Non renseigné;77288;59445;UO_00188;uo;54 Boulevard Aristide Briand 77000 Melun;0,85158182
672;23/05/17;27/11/18;674144,56750500;6827095,32006000;201042;Consultation viscéral;Consultation chirurgie viscérale et digestive;54,BOULEVARD ARISTIDE BRIAND;77000;Melun;Non renseigné;77288;59445;UO_00189;uo;54 Boulevard Aristide Briand 77000 Melun;0,85158182
673;23/05/17;27/11/18;674144,56750500;6827095,32006000;201043;Hospitalisation Orthopédie Chirurgie Infantile;Hospitalisation complète (HC) chirurgie orthopédique et traumatologie;54,BOULEVARD ARISTIDE BRIAND;77000;Melun;Non renseigné;77288;59445;UO_00301;uo;54 Boulevard Aristide Briand 77000 Melun;0,85158182
674;23/05/17;27/11/18;674144,56750500;6827095,32006000;201044;Réeducation fonctionnelle cardiaque;Hospitalisation de jour (HDJ) SSR affections cardio-vasculaires;54,BOULEVARD ARISTIDE BRIAND;77000;Melun;Non renseigné;77288;59445;UO_00367;uo;54 Boulevard Aristide Briand 77000 Melun;0,85158182
675;23/05/17;27/11/18;674144,56750500;6827095,32006000;74286;Gastro entérologie;Salle d'endoscopie digestive (fibroscopie digestive);54,BOULEVARD ARISTIDE BRIAND;77000;Melun;Non renseigné;77288;59445;UO_00546;uo;54 Boulevard Aristide Briand 77000 Melun;0,85158182
46986;26/06/18;27/11/18;674987,62301600;6827115,43084000;263522;Service d'aide à domicile mandataire;Aide à domicile mandataire;80BIS,RUE DU GENERAL DE GAULLE;77000;Melun;Non renseigné;77288;263372;UO_00903;uo;80 Rue du Général de Gaulle 77000 Melun;0,84958182
46987;26/06/18;27/11/18;674987,62301600;6827115,43084000;263521;Service d'aide à domicile prestataire;Aide à domicile prestataire;80BIS,RUE DU GENERAL DE GAULLE;77000;Melun;Non renseigné;77288;263372;UO_00904;uo;80 Rue du Général de Gaulle 77000 Melun;0,84958182
676;23/05/17;27/11/18;673823,57250700;6827610,89894000;72483;Endoscopie digestive - HDJ;Hospitalisation de jour (HDJ) gastro-entérologie;41,AVENUE DE CORBEIL;77000;Melun;Non renseigné;77288;59444;UO_00335;uo;41 Avenue de Corbeil 77000 Melun;0,84791818
677;23/05/17;27/11/18;673823,57250700;6827610,89894000;72308;Hospitalisation ORL;Hospitalisation complète (HC) oto-rhino-laryngologie (ORL) et chirurgie cervico-faciale;41,AVENUE DE CORBEIL;77000;Melun;Non renseigné;77288;59444;UO_00485;uo;41 Avenue de Corbeil 77000 Melun;0,84791818
678;23/05/17;27/11/18;673823,57250700;6827610,89894000;72684;endoscopie digestive;Salle d'endoscopie digestive (fibroscopie digestive);41,AVENUE DE CORBEIL;77000;Melun;Non renseigné;77288;59444;UO_00546;uo;41 Avenue de Corbeil 77000 Melun;0,84791818
679;23/05/17;27/11/18;673823,57250700;6827610,89894000;72688;salle de réveil;Salle de surveillance post-interventionnelle SSPI (réveil);41,AVENUE DE CORBEIL;77000;Melun;Non renseigné;77288;59444;UO_00535;uo;41 Avenue de Corbeil 77000 Melun;0,84791818
680;23/05/17;27/11/18;673823,57250700;6827610,89894000;72689;radiologie conventionnelle;Salle de radiologie conventionnelle;41,AVENUE DE CORBEIL;77000;Melun;Non renseigné;77288;59444;UO_00530;uo;41 Avenue de Corbeil 77000 Melun;0,84791818
681;23/05/17;27/11/18;673823,57250700;6827610,89894000;72690;scintigraphie;Salle de scintigraphie;41,AVENUE DE CORBEIL;77000;Melun;Non renseigné;77288;59444;UO_00534;uo;41 Avenue de Corbeil 77000 Melun;0,84791818
682;23/05/17;27/11/18;673823,57250700;6827610,89894000;72691;PET SCAN;Salle de TEP TDM (pet scan);41,AVENUE DE CORBEIL;77000;Melun;Non renseigné;77288;59444;UO_00537;uo;41 Avenue de Corbeil 77000 Melun;0,84791818
683;23/05/17;27/11/18;673823,57250700;6827610,89894000;72692;échographie mammographie;Salle de mammographie;41,AVENUE DE CORBEIL;77000;Melun;Non renseigné;77288;59444;UO_00526;uo;41 Avenue de Corbeil 77000 Melun;0,84791818
684;23/05/17;27/11/18;673823,57250700;6827610,89894000;72686;bloc opératoire;Bloc opératoire;41,AVENUE DE CORBEIL;77000;Melun;Non renseigné;77288;59444;UO_00120;uo;41 Avenue de Corbeil 77000 Melun;0,84791818
685;23/05/17;27/11/18;673823,57250700;6827610,89894000;72310;Hopsitalisation chirurgie plastique, réparatrice et esthétique;Hospitalisation complète (HC) chirurgie plastique, reconstructrice et esthétique;41,AVENUE DE CORBEIL;77000;Melun;Non renseigné;77288;59444;UO_00302;uo;41 Avenue de Corbeil 77000 Melun;0,84791818
686;23/05/17;27/11/18;673823,57250700;6827610,89894000;72314;Hospitalisation stomatologie;Hospitalisation complète (HC) stomatologie;41,AVENUE DE CORBEIL;77000;Melun;Non renseigné;77288;59444;UO_00498;uo;41 Avenue de Corbeil 77000 Melun;0,84791818
687;23/05/17;27/11/18;673823,57250700;6827610,89894000;72324;Hospitalisation de jour oncologie;Hospitalisation de jour (HDJ) cancérologie oncologie;41,AVENUE DE CORBEIL;77000;Melun;Non renseigné;77288;59444;UO_00330;uo;41 Avenue de Corbeil 77000 Melun;0,84791818
688;23/05/17;27/11/18;673823,57250700;6827610,89894000;72325;Radiothérapie;Unité de radiothérapie;41,AVENUE DE CORBEIL;77000;Melun;Non renseigné;77288;59444;UO_00564;uo;41 Avenue de Corbeil 77000 Melun;0,84791818
689;23/05/17;27/11/18;673823,57250700;6827610,89894000;72326;Hospitalisation soins de supports LISP;Lits identifiés de soins palliatifs (LISP);41,AVENUE DE CORBEIL;77000;Melun;Non renseigné;77288;59444;UO_00500;uo;41 Avenue de Corbeil 77000 Melun;0,84791818
690;23/05/17;27/11/18;673823,57250700;6827610,89894000;72300;Hospitalisation orthopédie Traumatologie;Hospitalisation complète (HC) chirurgie orthopédique et traumatologie;41,AVENUE DE CORBEIL;77000;Melun;Non renseigné;77288;59444;UO_00301;uo;41 Avenue de Corbeil 77000 Melun;0,84791818
691;23/05/17;27/11/18;673823,57250700;6827610,89894000;72302;Hospitalisation urologie;Hospitalisation complète (HC) chirurgie urologique (urologie);41,AVENUE DE CORBEIL;77000;Melun;Non renseigné;77288;59444;UO_00305;uo;41 Avenue de Corbeil 77000 Melun;0,84791818
692;23/05/17;27/11/18;673823,57250700;6827610,89894000;72304;Hospitalisation viscérale;Hospitalisation complète (HC) chirurgie viscérale et digestive;41,AVENUE DE CORBEIL;77000;Melun;Non renseigné;77288;59444;UO_00307;uo;41 Avenue de Corbeil 77000 Melun;0,84791818
693;23/05/17;27/11/18;673823,57250700;6827610,89894000;72306;Hospitalisation vasculaire;Hospitalisation complète (HC) chirurgie vasculaire;41,AVENUE DE CORBEIL;77000;Melun;Non renseigné;77288;59444;UO_00306;uo;41 Avenue de Corbeil 77000 Melun;0,84791818
694;23/05/17;27/11/18;673823,57250700;6827610,89894000;72312;Hospitalisation ophtalmologie;Hospitalisation complète (HC) ophtalmologie;41,AVENUE DE CORBEIL;77000;Melun;Non renseigné;77288;59444;UO_00484;uo;41 Avenue de Corbeil 77000 Melun;0,84791818
695;23/05/17;27/11/18;673823,57250700;6827610,89894000;72329;Hospitalisation LISP soins de supports;Lits identifiés de soins palliatifs (LISP);41,AVENUE DE CORBEIL;77000;Melun;Non renseigné;77288;59444;UO_00500;uo;41 Avenue de Corbeil 77000 Melun;0,84791818
696;23/05/17;27/11/18;673823,57250700;6827610,89894000;104465;Ambulatoire Chirurgie Maxillo-faciale;Chirurgie ambulatoire maxillo-faciale;41,AVENUE DE CORBEIL;77000;Melun;Non renseigné;77288;59444;UO_00148;uo;41 Avenue de Corbeil 77000 Melun;0,84791818
697;23/05/17;27/11/18;673823,57250700;6827610,89894000;104468;Ambulatoire Chirurgie Plastique Reconstructrice Esthétique;Chirurgie ambulatoire plastique, reconstructrice et esthétique;41,AVENUE DE CORBEIL;77000;Melun;Non renseigné;77288;59444;UO_00154;uo;41 Avenue de Corbeil 77000 Melun;0,84791818
698;23/05/17;27/11/18;673823,57250700;6827610,89894000;104471;Ambulatoire Chirurgie Viscérale;Chirurgie ambulatoire viscérale et digestive;41,AVENUE DE CORBEIL;77000;Melun;Non renseigné;77288;59444;UO_00161;uo;41 Avenue de Corbeil 77000 Melun;0,84791818
699;23/05/17;27/11/18;673823,57250700;6827610,89894000;104475;Ambulatoire Ophtalmologie;Chirurgie ambulatoire ophtalmologie;41,AVENUE DE CORBEIL;77000;Melun;Non renseigné;77288;59444;UO_00151;uo;41 Avenue de Corbeil 77000 Melun;0,84791818
700;23/05/17;27/11/18;673823,57250700;6827610,89894000;104480;Ambulatoire Stomatologie;Chirurgie ambulatoire stomatologie;41,AVENUE DE CORBEIL;77000;Melun;Non renseigné;77288;59444;UO_00157;uo;41 Avenue de Corbeil 77000 Melun;0,84791818
701;23/05/17;27/11/18;673823,57250700;6827610,89894000;104482;Ambulatoire Urologie;Chirurgie ambulatoire urologique (urologie);41,AVENUE DE CORBEIL;77000;Melun;Non renseigné;77288;59444;UO_00159;uo;41 Avenue de Corbeil 77000 Melun;0,84791818
702;23/05/17;27/11/18;673823,57250700;6827610,89894000;104484;Echographie;Salle d'échographie;41,AVENUE DE CORBEIL;77000;Melun;Non renseigné;77288;59444;UO_00539;uo;41 Avenue de Corbeil 77000 Melun;0,84791818
703;23/05/17;27/11/18;673823,57250700;6827610,89894000;104485;Salle de panoramique dentaire;Salle de panoramique dentaire;41,AVENUE DE CORBEIL;77000;Melun;Non renseigné;77288;59444;UO_00529;uo;41 Avenue de Corbeil 77000 Melun;0,84791818
704;23/05/17;27/11/18;673823,57250700;6827610,89894000;104473;Ambulatoire Gynécologie;Chirurgie ambulatoire gynécologique;41,AVENUE DE CORBEIL;77000;Melun;Non renseigné;77288;59444;UO_00147;uo;41 Avenue de Corbeil 77000 Melun;0,84791818
705;23/05/17;27/11/18;673823,57250700;6827610,89894000;104477;Ambulatoire ORL;Chirurgie ambulatoire oto-rhino-laryngologie (ORL) et cervico-faciale;41,AVENUE DE CORBEIL;77000;Melun;Non renseigné;77288;59444;UO_00153;uo;41 Avenue de Corbeil 77000 Melun;0,84791818
706;23/05/17;27/11/18;673823,57250700;6827610,89894000;104483;Ambulatoire Vasculaire;Chirurgie ambulatoire vasculaire;41,AVENUE DE CORBEIL;77000;Melun;Non renseigné;77288;59444;UO_00160;uo;41 Avenue de Corbeil 77000 Melun;0,84791818
707;23/05/17;27/11/18;673823,57250700;6827610,89894000;159869;Consultations algologie;Consultation évaluation et traitement de la douleur (algologie);41,AVENUE DE CORBEIL;77000;Melun;Non renseigné;77288;59444;UO_00200;uo;41 Avenue de Corbeil 77000 Melun;0,84791818
708;23/05/17;27/11/18;673823,57250700;6827610,89894000;159871;Consultations anesthésie;Consultation anesthésie;41,AVENUE DE CORBEIL;77000;Melun;Non renseigné;77288;59444;UO_00168;uo;41 Avenue de Corbeil 77000 Melun;0,84791818
709;23/05/17;27/11/18;673823,57250700;6827610,89894000;159872;Consultations cardiologie;Consultation cardiologie;41,AVENUE DE CORBEIL;77000;Melun;Non renseigné;77288;59444;UO_00173;uo;41 Avenue de Corbeil 77000 Melun;0,84791818
710;23/05/17;27/11/18;673823,57250700;6827610,89894000;159873;Consultations de phlébologie;Consultation médecine vasculaire (angiologie, phlébologie);41,AVENUE DE CORBEIL;77000;Melun;Non renseigné;77288;59444;UO_00222;uo;41 Avenue de Corbeil 77000 Melun;0,84791818
711;23/05/17;27/11/18;673823,57250700;6827610,89894000;159875;Consultations dermatologie;Consultation dermatologie;41,AVENUE DE CORBEIL;77000;Melun;Non renseigné;77288;59444;UO_00190;uo;41 Avenue de Corbeil 77000 Melun;0,84791818
712;23/05/17;27/11/18;673823,57250700;6827610,89894000;159877;Consultations esthétique, réparatrice et plastique;Consultation chirurgie plastique, reconstructrice et esthétique;41,AVENUE DE CORBEIL;77000;Melun;Non renseigné;77288;59444;UO_00185;uo;41 Avenue de Corbeil 77000 Melun;0,84791818
713;23/05/17;27/11/18;673823,57250700;6827610,89894000;159879;Consultations gynéco obstétrique;Consultation gynécologie obstétrique;41,AVENUE DE CORBEIL;77000;Melun;Non renseigné;77288;59444;UO_00204;uo;41 Avenue de Corbeil 77000 Melun;0,84791818
714;23/05/17;27/11/18;673823,57250700;6827610,89894000;159880;Consultations hématologie;Consultation hématologie;41,AVENUE DE CORBEIL;77000;Melun;Non renseigné;77288;59444;UO_00205;uo;41 Avenue de Corbeil 77000 Melun;0,84791818
715;23/05/17;27/11/18;673823,57250700;6827610,89894000;159882;Consultations neurologie;Consultation neurologie;41,AVENUE DE CORBEIL;77000;Melun;Non renseigné;77288;59444;UO_00228;uo;41 Avenue de Corbeil 77000 Melun;0,84791818
716;23/05/17;27/11/18;673823,57250700;6827610,89894000;159883;Consultations oncologie;Consultation cancérologie oncologie;41,AVENUE DE CORBEIL;77000;Melun;Non renseigné;77288;59444;UO_00172;uo;41 Avenue de Corbeil 77000 Melun;0,84791818
717;23/05/17;27/11/18;673823,57250700;6827610,89894000;159884;Consultations ophtalmologie;Consultation ophtalmologie;41,AVENUE DE CORBEIL;77000;Melun;Non renseigné;77288;59444;UO_00234;uo;41 Avenue de Corbeil 77000 Melun;0,84791818
718;23/05/17;27/11/18;673823,57250700;6827610,89894000;159885;Consultations ORL et cervico facial;Consultation oto-rhino-laryngologie (ORL) et chirurgie cervico-faciale;41,AVENUE DE CORBEIL;77000;Melun;Non renseigné;77288;59444;UO_00237;uo;41 Avenue de Corbeil 77000 Melun;0,84791818
719;23/05/17;27/11/18;673823,57250700;6827610,89894000;159887;Consultations orthopédie traumatologie;Consultation chirurgie orthopédique et traumatologie;41,AVENUE DE CORBEIL;77000;Melun;Non renseigné;77288;59444;UO_00184;uo;41 Avenue de Corbeil 77000 Melun;0,84791818
720;23/05/17;27/11/18;673823,57250700;6827610,89894000;159889;Consultations pédiatrie;Consultation pédiatrie;41,AVENUE DE CORBEIL;77000;Melun;Non renseigné;77288;59444;UO_00239;uo;41 Avenue de Corbeil 77000 Melun;0,84791818
721;23/05/17;27/11/18;673823,57250700;6827610,89894000;159890;Consultations stomato et maxillo faciale;Consultation chirurgie maxillo-faciale et stomatologie;41,AVENUE DE CORBEIL;77000;Melun;Non renseigné;77288;59444;UO_00183;uo;41 Avenue de Corbeil 77000 Melun;0,84791818
722;23/05/17;27/11/18;673823,57250700;6827610,89894000;159892;Consultations urologie;Consultation chirurgie urologique (urologie);41,AVENUE DE CORBEIL;77000;Melun;Non renseigné;77288;59444;UO_00187;uo;41 Avenue de Corbeil 77000 Melun;0,84791818
723;23/05/17;27/11/18;673823,57250700;6827610,89894000;159893;Consultations vasculaires artères et veines;Consultation médecine vasculaire (angiologie, phlébologie);41,AVENUE DE CORBEIL;77000;Melun;Non renseigné;77288;59444;UO_00222;uo;41 Avenue de Corbeil 77000 Melun;0,84791818
724;23/05/17;27/11/18;673823,57250700;6827610,89894000;159894;Consultations viscéral;Consultation chirurgie viscérale et digestive;41,AVENUE DE CORBEIL;77000;Melun;Non renseigné;77288;59444;UO_00189;uo;41 Avenue de Corbeil 77000 Melun;0,84791818
725;23/05/17;27/11/18;673823,57250700;6827610,89894000;159896;Hospitalisation gynécologie;Hospitalisation complète (HC) chirurgie gynécologique;41,AVENUE DE CORBEIL;77000;Melun;Non renseigné;77288;59444;UO_00299;uo;41 Avenue de Corbeil 77000 Melun;0,84791818
726;23/05/17;27/11/18;673823,57250700;6827610,89894000;159897;Hospitalisation surveillance continue;Unité de surveillance continue (USC) médecine et chirurgie (polyvalente);41,AVENUE DE CORBEIL;77000;Melun;Non renseigné;77288;59444;UO_00598;uo;41 Avenue de Corbeil 77000 Melun;0,84791818
727;23/05/17;27/11/18;673823,57250700;6827610,89894000;104478;Ambulatoire Orthopédie Traumatologie;Chirurgie ambulatoire orthopédique et traumatologie;41,AVENUE DE CORBEIL;77000;Melun;Non renseigné;77288;59444;UO_00152;uo;41 Avenue de Corbeil 77000 Melun;0,84791818
47620;23/10/18;27/11/18;674657,47218600;6825609,44789000;265470;Residence Autonomie Blanche de Castille;Hébergement pour personnes âgées autonomes;17,RUE EUGENE GONON;77000;Melun;Non;77288;265226;UO_00911;uo;17 Rue Eugène Gonon 77000 Melun;0,84626364
47619;23/10/18;27/11/18;674592,17263300;6827719,44254000;265469;Résidence Autonomie Yvonne de Gaulle;Hébergement pour personnes âgées autonomes;15,RUE EDOUARD BRANLY;77000;Melun;Non;77288;265225;UO_00911;uo;15 Rue Édouard Branly 77000 Melun;0,84517273
46999;26/06/18;27/11/18;675866,16689700;6827953,14768000;263544;Service Aide et Accompagnement à Domicile Prestataire;Aide à domicile prestataire;24,RUE DU COLONEL PICOT;77000;Melun;Oui;77288;263453;UO_00904;uo;2 Rue René Cassin 77000 Melun;0,83978182
47000;26/06/18;27/11/18;675866,16689700;6827953,14768000;263564;Service d'Aide et d'Accompagnement à Domicile Mandataire;Aide à domicile mandataire;24,RUE DU COLONEL PICOT;77000;Melun;Non;77288;263453;UO_00903;uo;2 Rue René Cassin 77000 Melun;0,83978182
28625;24/04/18;27/11/18;674603,33230400;6827773,64339000;261964;SOINS INFIMIERS A DOMICILE;Soins infirmiers à domicile;24,RUE COLONEL PICOT;77000;Melun;Non;77288;203992;UO_00923;uo;24 Rue du Colonel Picot 77000 Melun;0,75300130
35671;24/04/18;27/11/18;674145,73092600;6827107,98788000;232447;Consultation kinésithérapie;Consultation kinésithérapie;54,Boulevard ARISTIDE BRIAND;77000;Melun;Non renseigné;77288;232446;UO_00994;uov;54 Boulevard Aristide Briand 77000 Melun;0,71521818
37002;24/04/18;27/11/18;674145,73092600;6827107,98788000;232183;Consultation kinésithérapie;Consultation kinésithérapie;54,Boulevard ARISTIDE BRIAND;77000;Melun;Non renseigné;77288;232182;UO_00994;uov;54 Boulevard Aristide Briand 77000 Melun;0,71521818
31897;24/04/18;27/11/18;674189,73028700;6827409,27674000;224759;Consultation kinésithérapie;Consultation kinésithérapie;7,Avenue DU GENERAL PATTON;77000;Melun;Non renseigné;77288;224758;UO_00994;uov;7 Avenue du Général Patton 77000 Melun;0,70579679
36651;24/04/18;27/11/18;674189,73028700;6827409,27674000;227359;Consultation kinésithérapie;Consultation kinésithérapie;7,Avenue DU GENERAL PATTON;77000;Melun;Non renseigné;77288;227358;UO_00994;uov;7 Avenue du Général Patton 77000 Melun;0,70579679
30522;24/04/18;27/11/18;674253,27359800;6827524,38681000;221215;Consultation kinésithérapie;Consultation kinésithérapie;21,Avenue GEORGES POMPIDOU;77000;Melun;Non renseigné;77288;221214;UO_00994;uov;21 Avenue Georges Pompidou 77000 Melun;0,70382406
33982;24/04/18;27/11/18;674253,27359800;6827524,38681000;226239;Consultation kinésithérapie;Consultation kinésithérapie;21,Avenue GEORGES POMPIDOU;77000;Melun;Non renseigné;77288;226238;UO_00994;uov;21 Avenue Georges Pompidou 77000 Melun;0,70382406
30182;24/04/18;27/11/18;676251,18992600;6827116,70416000;223035;Consultation kinésithérapie;Consultation kinésithérapie;39,Boulevard DE L'ALMONT;77000;Melun;Non renseigné;77288;223034;UO_00994;uov;39 Boulevard de l'Almont 77000 Melun;0,69611818
31188;24/04/18;27/11/18;676282,60227600;6827126,80355000;221789;Consultation kinésithérapie;Consultation kinésithérapie;52,Boulevard DE L 'ALMONT;77000;Melun;Non renseigné;77288;221788;UO_00994;uov;52 Boulevard de l'Almont 77000 Melun;0,69611818
32753;24/04/18;27/11/18;676251,18992600;6827116,70416000;228359;Consultation kinésithérapie;Consultation kinésithérapie;39,Boulevard DE L'ALMONT;77000;Melun;Non renseigné;77288;228358;UO_00994;uov;39 Boulevard de l'Almont 77000 Melun;0,69611818
32782;24/04/18;27/11/18;676282,60227600;6827126,80355000;228451;Consultation kinésithérapie;Consultation kinésithérapie;52,Boulevard DE L'ALMONT;77000;Melun;Non renseigné;77288;228450;UO_00994;uov;52 Boulevard de l'Almont 77000 Melun;0,69611818
35348;24/04/18;27/11/18;676251,18992600;6827116,70416000;231557;Consultation kinésithérapie;Consultation kinésithérapie;39,Boulevard DE L ALMONT;77000;Melun;Non renseigné;77288;231556;UO_00994;uov;39 Boulevard de l'Almont 77000 Melun;0,69611818
35806;24/04/18;27/11/18;676282,60227600;6827126,80355000;229047;Consultation et Soins d'Ostéopathie / MELUN;Consultation kinésithérapie;52,Boulevard DE L'ALMONT;77000;Melun;Non renseigné;77288;229046;UO_00994;uov;52 Boulevard de l'Almont 77000 Melun;0,69611818
37819;24/04/18;27/11/18;676251,18992600;6827116,70416000;215191;Consultation kinésithérapie;Consultation kinésithérapie;39,Boulevard DE L'ALMONT;77000;Melun;Non renseigné;77288;215190;UO_00994;uov;39 Boulevard de l'Almont 77000 Melun;0,69611818
28842;24/04/18;27/11/18;674603,33230400;6827773,64339000;212101;Equipe de coordination PAT;Equipe de coordination CLIC;24,RUE DU COLONEL PICOT;77000;Melun;Non renseigné;77288;211281;UO_00926;uo;24 Rue du Colonel Picot 77000 Melun;0,68230587
28843;24/04/18;27/11/18;674603,33230400;6827773,64339000;212080;Equipe d'évaluation caisses de retraite / PAP;Equipe d'évaluation CNAV/PAP;24,RUE DU COLONEL PICOT;77000;Melun;Non renseigné;77288;211281;UO_00929;uo;24 Rue du Colonel Picot 77000 Melun;0,68230587
28844;24/04/18;27/11/18;674603,33230400;6827773,64339000;212079;Activités ciblées de prévention;Activités ciblées de prévention;24,RUE DU COLONEL PICOT;77000;Melun;Non renseigné;77288;211281;UO_00902;uo;24 Rue du Colonel Picot 77000 Melun;0,68230587
28845;24/04/18;27/11/18;674603,33230400;6827773,64339000;212078;Accueil écoute conseil information et soutien;Cellule d'accueil, écoute, conseil, information et soutien;24,RUE DU COLONEL PICOT;77000;Melun;Non renseigné;77288;211281;UO_00906;uo;24 Rue du Colonel Picot 77000 Melun;0,68230587
32646;24/04/18;27/11/18;674603,33230400;6827773,64339000;225291;Consultation kinésithérapie;Consultation kinésithérapie;24,Rue DU COLONEL PICOT;77000;Melun;Non renseigné;77288;225290;UO_00994;uov;24 Rue du Colonel Picot 77000 Melun;0,68230587
37332;24/04/18;27/11/18;674603,33230400;6827773,64339000;228449;Consultation kinésithérapie;Consultation kinésithérapie;24,Rue DU COLONEL PICOT;77000;Melun;Non renseigné;77288;228448;UO_00994;uov;24 Rue du Colonel Picot 77000 Melun;0,68230587
29528;24/04/18;27/11/18;673919,88908500;6825993,22018000;222601;Consultation kinésithérapie;Consultation kinésithérapie;58,Rue DE BELLE OMBRE;77000;Melun;Non renseigné;77288;222600;UO_00994;uov;58 Rue de Belle Ombre 77000 Melun;0,67738464
32839;24/04/18;27/11/18;673919,88908500;6825993,22018000;216981;Consultation kinésithérapie;Consultation kinésithérapie;58,Rue DE BELLE OMBRE;77000;Melun;Non renseigné;77288;216980;UO_00994;uov;58 Rue de Belle Ombre 77000 Melun;0,67738464
39025;24/04/18;27/11/18;673919,88908500;6825993,22018000;226935;Consultation kinésithérapie;Consultation kinésithérapie;58,Rue DE BELLE OMBRE;77000;Melun;Non renseigné;77288;226934;UO_00994;uov;58 Rue de Belle Ombre 77000 Melun;0,67738464
37887;24/04/18;27/11/18;674655,98863100;6825964,51663000;223647;Consultation kinésithérapie;Consultation kinésithérapie;31,Rue SAINT AMBROISE;77000;Melun;Non renseigné;77288;223646;UO_00994;uov;31 Rue Saint-Ambroise 77000 Melun;0,67612100
29487;24/04/18;27/11/18;673823,57250700;6827610,89894000;222473;Consultation kinésithérapie;Consultation kinésithérapie;41,Avenue DE CORBEIL;77000;Melun;Non renseigné;77288;222472;UO_00994;uov;41 Avenue de Corbeil 77000 Melun;0,67259351
33001;24/04/18;27/11/18;673823,57250700;6827610,89894000;225419;Consultation kinésithérapie;Consultation kinésithérapie;41,Avenue DE CORBEIL;77000;Melun;Non renseigné;77288;225418;UO_00994;uov;41 Avenue de Corbeil 77000 Melun;0,67259351
34079;24/04/18;27/11/18;673823,57250700;6827610,89894000;213329;Consultation kinésithérapie;Consultation kinésithérapie;41,Avenue DE CORBEIL;77000;Melun;Non renseigné;77288;213328;UO_00994;uov;41 Avenue de Corbeil 77000 Melun;0,67259351
34279;24/04/18;27/11/18;673823,57250700;6827610,89894000;219433;Consultation kinésithérapie;Consultation kinésithérapie;41,Avenue DE CORBEIL;77000;Melun;Non renseigné;77288;219432;UO_00994;uov;41 Avenue de Corbeil 77000 Melun;0,67259351
34473;24/04/18;27/11/18;673823,57250700;6827610,89894000;213483;Consultation kinésithérapie;Consultation kinésithérapie;41,Avenue DE CORBEIL;77000;Melun;Non renseigné;77288;213482;UO_00994;uov;41 Avenue de Corbeil 77000 Melun;0,67259351
34521;24/04/18;27/11/18;673823,57250700;6827610,89894000;213601;Consultation kinésithérapie;Consultation kinésithérapie;41,Avenue DE CORBEIL;77000;Melun;Non renseigné;77288;213600;UO_00994;uov;41 Avenue de Corbeil 77000 Melun;0,67259351
36509;24/04/18;27/11/18;673823,57250700;6827610,89894000;216411;Consultation kinésithérapie;Consultation kinésithérapie;41,Avenue DE CORBEIL;77000;Melun;Non renseigné;77288;216410;UO_00994;uov;41 Avenue de Corbeil 77000 Melun;0,67259351
36865;24/04/18;27/11/18;673823,57250700;6827610,89894000;214235;Consultation kinésithérapie;Consultation kinésithérapie;41,Avenue DE CORBEIL;77000;Melun;Non renseigné;77288;214234;UO_00994;uov;41 Avenue de Corbeil 77000 Melun;0,67259351
38797;24/04/18;27/11/18;673823,57250700;6827610,89894000;218305;Consultation kinésithérapie;Consultation kinésithérapie;41,Avenue DE CORBEIL;77000;Melun;Non renseigné;77288;218304;UO_00994;uov;41 Avenue de Corbeil 77000 Melun;0,67259351
525;23/05/17;27/11/18;675407,30300700;6826583,15986000;204934;HAD polyvalent - hospitalisation à domicile;Hospitalisation à domicile (HAD) polyvalent;2,RUE FRETEAU DE PENY;77000;Melun;Non renseigné;77288;204915;UO_00930;uo;2 Rue Freteau de Peny 77000 Melun;0,67138464
46978;26/06/18;27/11/18;675310,30043200;6826670,05709000;263542;Services d'Aide et d'Accompagnement à Domicile;Aide à domicile prestataire;18,RUE SAINT LIESNE;77000;Melun;Non renseigné;77288;263295;UO_00904;uo;18 Rue Saint-Liesne 77000 Melun;0,66558182
31370;24/04/18;27/11/18;675126,49336600;6826602,24909000;215681;Consultation kinésithérapie;Consultation kinésithérapie;3,Rue DE L'ABREUVOIR;77000;Melun;Non renseigné;77288;215680;UO_00994;uov;3 Rue de l'Abreuvoir 77000 Melun;0,66533896
34059;24/04/18;27/11/18;675126,49336600;6826602,24909000;213263;Consultation kinésithérapie;Consultation kinésithérapie;3,Rue DE L'ABREUVOIR;77000;Melun;Non renseigné;77288;213262;UO_00994;uov;3 Rue de l'Abreuvoir 77000 Melun;0,66533896
32465;24/04/18;27/11/18;674410,17129800;6827805,17045000;216773;Consultation kinésithérapie;Consultation kinésithérapie;1,Place LOIC BARON;77000;Melun;Non renseigné;77288;216772;UO_00994;uov;1 Place Loic Baron 77000 Melun;0,64605245
36178;24/04/18;27/11/18;675047,53490000;6827264,58181000;230067;Consultation kinésithérapie;Consultation kinésithérapie;112,Rue GENERAL DE GAULLE;77000;Melun;Non renseigné;77288;230066;UO_00994;uov;112 Rue du Général de Gaulle 77000 Melun;0,64503636
36520;24/04/18;27/11/18;675767,30426800;6826257,15910000;216471;Consultation kinésithérapie;Consultation kinésithérapie;3,Avenue DES FRENES;77000;Vaux-le-Pénil;Non renseigné;77487;216470;UO_00994;uov;3 Avenue des Frênes 77000 Vaux-le-Pénil;0,64107273
33180;24/04/18;27/11/18;674770,01964500;6826672,70410000;212731;Consultation kinésithérapie;Consultation kinésithérapie;2,Rue DES FOSSES;77000;Melun;Non renseigné;77288;212730;UO_00994;uov;2 Rue des Fosses 77000 Melun;0,63883636
34813;24/04/18;27/11/18;677126,78333200;6825443,16128000;226657;Consultation kinésithérapie;Consultation kinésithérapie;629,Rue D'EGREFINS;77000;Vaux-le-Pénil;Non renseigné;77487;226656;UO_00994;uov;629 Rue d'Egrefins 77000 Vaux-le-Pénil;0,63510699
30711;24/04/18;27/11/18;674382,40980600;6825081,50430000;215175;Consultation kinésithérapie;Consultation kinésithérapie;1,Avenue DU GENERAL LECLERC;77000;Melun;Non renseigné;77288;215174;UO_00994;uov;1 Avenue Général Leclerc 77000 Melun;0,63309221
35684;24/04/18;27/11/18;674522,96774000;6825022,86039000;232485;Consultation kinésithérapie;Consultation kinésithérapie;16,Rue DAUBIGNY;77000;Melun;Non renseigné;77288;232484;UO_00994;uov;16 Rue Daubigny 77000 Melun;0,63196126
32251;24/04/18;27/11/18;676325,78152300;6825217,47029000;225047;Consultation kinésithérapie;Consultation kinésithérapie;67,Ruelle FIGELON;77000;Vaux-le-Pénil;Non renseigné;77487;225046;UO_00994;uov;67 Ruelle Figelon 77000 Vaux-le-Pénil;0,62607273
32448;24/04/18;27/11/18;676325,78152300;6825217,47029000;216719;Consultation kinésithérapie;Consultation kinésithérapie;67,Ruelle FIGELON;77000;Vaux-le-Pénil;Non renseigné;77487;216718;UO_00994;uov;67 Ruelle Figelon 77000 Vaux-le-Pénil;0,62607273
46974;26/06/18;27/11/18;675005,21725000;6827104,34988000;263595;Service d'aide à domicile prestataire;Aide à domicile prestataire;80B,RUE DU GENERAL DE GAULLE;77000;Melun;Non renseigné;77288;263398;UO_00904;uo;80 BIS Rue du Général de Gaulle 77000 Melun;0,62250909
47019;26/06/18;27/11/18;674619,43429900;6825402,84612000;263511;Aide à domicile prestataire;Aide à domicile prestataire;75,RUE DAJOT;77000;Melun;Non renseigné;77288;263224;UO_00904;uo;75 Rue Dajot 77000 Melun;0,60222727
47155;25/07/18;27/11/18;674619,43429900;6825402,84612000;263649;AIDE A DOMICILE PRESTATAIRE;Aide à domicile prestataire;75 ,RUE DAJOT;77000;Melun;Non renseigné;77288;263448;UO_00904;uo;75 Rue Dajot 77000 Melun;0,60222727
47156;25/07/18;27/11/18;674619,43429900;6825402,84612000;263648;AIDE A DOMICILE MANDATAIRE;Aide à domicile mandataire;75 ,RUE DAJOT;77000;Melun;Non renseigné;77288;263448;UO_00903;uo;75 Rue Dajot 77000 Melun;0,60222727
37120;24/04/18;27/11/18;674848,13113700;6825750,91381000;222817;Consultation kinésithérapie;Consultation kinésithérapie;22,Rue DAJOT;77000;Melun;Non renseigné;77288;222816;UO_00994;uov;22 Rue Dajot 77000 Melun;0,60211818
37490;24/04/18;27/11/18;674627,30872400;6825413,81719000;222303;Consultation kinésithérapie;Consultation kinésithérapie;73,Rue DAJOT;77000;Melun;Non renseigné;77288;222302;UO_00994;uov;73 Rue Dajot 77000 Melun;0,60211818
38748;24/04/18;27/11/18;674848,13113700;6825750,91381000;216163;Consultation kinésithérapie;Consultation kinésithérapie;22,Rue DAJOT;77000;Melun;Non renseigné;77288;216162;UO_00994;uov;22 Rue Dajot 77000 Melun;0,60211818
32500;24/04/18;27/11/18;677126,78333200;6825443,16128000;221855;Consultation kinésithérapie;Consultation kinésithérapie;629,Rue D'EGREFIN;77000;Vaux-le-Pénil;Non renseigné;77487;221854;UO_00994;uov;629 Rue d'Egrefins 77000 Vaux-le-Pénil;0,57490632
31131;24/04/18;27/11/18;677282,89435500;6823496,40002000;221613;Consultation kinésithérapie;Consultation kinésithérapie;2,Rue DE LA FOLIE;77000;Livry-sur-Seine;Non renseigné;77255;221612;UO_00994;uov;Rue de la Folie 77000 Livry-sur-Seine;0,55849091
33833;24/04/18;27/11/18;677282,89435500;6823496,40002000;219141;Consultation kinésithérapie;Consultation kinésithérapie;2,Rue DE LA FOLIE;77000;Livry-sur-Seine;Non renseigné;77255;219140;UO_00994;uov;Rue de la Folie 77000 Livry-sur-Seine;0,55849091
36462;24/04/18;27/11/18;674972,93296400;6824638,72766000;222411;Consultation kinésithérapie;Consultation kinésithérapie;2,Avenue JEAN-FRANCOIS MILLET;77000;Rochette (La);Non renseigné;77389;222410;UO_00994;uov;2 Rue Jean-François Millet 77000 La Rochette;0,54874545
36789;24/04/18;27/11/18;674972,93296400;6824638,72766000;231853;Consultation kinésithérapie;Consultation kinésithérapie;2,Avenue JEAN-FRANCOIS MILLET;77000;Rochette (La);Non renseigné;77389;231852;UO_00994;uov;2 Rue Jean-François Millet 77000 La Rochette;0,54874545
36919;24/04/18;27/11/18;674972,93296400;6824638,72766000;222727;Consultation kinésithérapie;Consultation kinésithérapie;2,Avenue JEAN-FRANCOIS MILLET;77000;Rochette (La);Non renseigné;77389;222726;UO_00994;uov;2 Rue Jean-François Millet 77000 La Rochette;0,54874545
38228;24/04/18;27/11/18;674972,93296400;6824638,72766000;221787;Consultation kinésithérapie;Consultation kinésithérapie;2,Avenue JEAN-FRANCOIS MILLET;77000;Rochette (La);Non renseigné;77389;221786;UO_00994;uov;2 Rue Jean-François Millet 77000 La Rochette;0,54874545
30295;24/04/18;27/11/18;674087,73323200;6828009,14173000;228917;Consultation kinésithérapie;Consultation kinésithérapie;17,Boulevard CHATEAUBRIAND;77000;Melun;Non renseigné;77288;228916;UO_00994;uov;17 Boulevard François René de Chateaubriand 77000 Melun;0,47618877
36593;24/04/18;27/11/18;674087,73323200;6828009,14173000;231515;Consultation kinésithérapie;Consultation kinésithérapie;17,Boulevard CHATEAUBRIAND;77000;Melun;Non renseigné;77288;231514;UO_00994;uov;17 Boulevard François René de Chateaubriand 77000 Melun;0,47618877
526;23/05/17;27/11/18;675877,72339000;6827696,08186000;60519;Radiologie Salle d'os;Salle de radiologie conventionnelle;2,rue Fréteau de Pény;77000;Melun;Non renseigné;77288;59446;UO_00530;uo;Rue Marc Antoine Charpentier 77000 Melun;0,22920742
527;23/05/17;27/11/18;675877,72339000;6827696,08186000;60520;Salle d'urgence;Salle de radiologie conventionnelle;2,rue Fréteau de Pény;77000;Melun;Non renseigné;77288;59446;UO_00530;uo;Rue Marc Antoine Charpentier 77000 Melun;0,22920742
528;23/05/17;27/11/18;675877,72339000;6827696,08186000;60521;Scanner 16 barettes;Salle de scanner (TDM);2,rue Fréteau de Pény;77000;Melun;Non renseigné;77288;59446;UO_00533;uo;Rue Marc Antoine Charpentier 77000 Melun;0,22920742
530;23/05/17;27/11/18;675877,72339000;6827696,08186000;60540;Bloc Orthopédie;Bloc chirurgie orthopédique et traumatologie;2,rue Fréteau de Pény;77000;Melun;Non renseigné;77288;59446;UO_00110;uo;Rue Marc Antoine Charpentier 77000 Melun;0,22920742
531;23/05/17;27/11/18;675877,72339000;6827696,08186000;60720;Equipe mobile de gériatrie;Equipe mobile de gériatrie;2,rue Fréteau de Pény;77000;Melun;Non renseigné;77288;59446;UO_00269;uo;Rue Marc Antoine Charpentier 77000 Melun;0,22920742
533;23/05/17;27/11/18;675877,72339000;6827696,08186000;60679;SMUR Melun;SMUR;2,rue Fréteau de Pény;77000;Melun;Non renseigné;77288;59446;UO_00556;uo;Rue Marc Antoine Charpentier 77000 Melun;0,22920742
534;23/05/17;27/11/18;675877,72339000;6827696,08186000;60700;Salle d'échographie;Salle d'échographie;2,rue Fréteau de Pény;77000;Melun;Non renseigné;77288;59446;UO_00539;uo;Rue Marc Antoine Charpentier 77000 Melun;0,22920742
535;23/05/17;27/11/18;675877,72339000;6827696,08186000;61119;EEG, Consultation sommeil;Salle d'électro-physiologie;2,rue Fréteau de Pény;77000;Melun;Non renseigné;77288;59446;UO_00543;uo;Rue Marc Antoine Charpentier 77000 Melun;0,22920742
539;23/05/17;27/11/18;675877,72339000;6827696,08186000;60841;Hospitalisation médecine polyvalente;Hospitalisation complète (HC) médecine polyvalente;2,rue Fréteau de Pény;77000;Melun;Non renseigné;77288;59446;UO_00475;uo;Rue Marc Antoine Charpentier 77000 Melun;0,22920742
540;23/05/17;27/11/18;675877,72339000;6827696,08186000;60840;Hospitalisation hépato-gastro-entérologie;Hospitalisation complète (HC) hépato-gastro-entérologie;2,rue Fréteau de Pény;77000;Melun;Non renseigné;77288;59446;UO_00467;uo;Rue Marc Antoine Charpentier 77000 Melun;0,22920742
541;23/05/17;27/11/18;675877,72339000;6827696,08186000;60859;Dialyse péritonéale;Salle de technique d'épuration extra-rénale autre;2,rue Fréteau de Pény;77000;Melun;Non renseigné;77288;59446;UO_00536;uo;Rue Marc Antoine Charpentier 77000 Melun;0,22920742
542;23/05/17;27/11/18;675877,72339000;6827696,08186000;60860;Hémodialyse;Salle d'hémodialyse chronique;2,rue Fréteau de Pény;77000;Melun;Non renseigné;77288;59446;UO_00551;uo;Rue Marc Antoine Charpentier 77000 Melun;0,22920742
543;23/05/17;27/11/18;675877,72339000;6827696,08186000;60861;Hospitalisation Néphrologie;Hospitalisation complète (HC) néphrologie;2,rue Fréteau de Pény;77000;Melun;Non renseigné;77288;59446;UO_00478;uo;Rue Marc Antoine Charpentier 77000 Melun;0,22920742
544;23/05/17;27/11/18;675877,72339000;6827696,08186000;60862;Unité de dialyse médicalisée;Salle d'hémodialyse chronique;2,rue Fréteau de Pény;77000;Melun;Non renseigné;77288;59446;UO_00551;uo;Rue Marc Antoine Charpentier 77000 Melun;0,22920742
545;23/05/17;27/11/18;675877,72339000;6827696,08186000;60863;Hospitalisation Pneumologie;Hospitalisation complète (HC) pneumologie;2,rue Fréteau de Pény;77000;Melun;Non renseigné;77288;59446;UO_00487;uo;Rue Marc Antoine Charpentier 77000 Melun;0,22920742
547;23/05/17;27/11/18;675877,72339000;6827696,08186000;60899;Unité Sanitaire du Centre Pénitentiaire Sud Francilien (Réau);Unité de consultations et de soins ambulatoires (UCSA);2,rue Fréteau de Pény;77000;Melun;Non renseigné;77288;59446;UO_00561;uo;Rue Marc Antoine Charpentier 77000 Melun;0,22920742
548;23/05/17;27/11/18;675877,72339000;6827696,08186000;90013;Hospitalisation maladies infectieuses;Hospitalisation complète (HC) maladies infectieuses, parasitaires et tropicales;2,rue Fréteau de Pény;77000;Melun;Non renseigné;77288;59446;UO_00471;uo;Rue Marc Antoine Charpentier 77000 Melun;0,22920742
551;23/05/17;27/11/18;675877,72339000;6827696,08186000;60719;Hospitalisation Court séjour gériatrique;Hospitalisation complète (HC) gériatrie aiguë;2,rue Fréteau de Pény;77000;Melun;Non renseigné;77288;59446;UO_00463;uo;Rue Marc Antoine Charpentier 77000 Melun;0,22920742
554;23/05/17;27/11/18;675877,72339000;6827696,08186000;60740;CRRA 15 de Seine et Marne;SAMU-Centre 15;2,rue Fréteau de Pény;77000;Melun;Non renseigné;77288;59446;UO_00554;uo;Rue Marc Antoine Charpentier 77000 Melun;0,22920742
555;23/05/17;27/11/18;675877,72339000;6827696,08186000;60900;Salle Endoscopie digestive;Salle d'endoscopie digestive (fibroscopie digestive);2,rue Fréteau de Pény;77000;Melun;Non renseigné;77288;59446;UO_00546;uo;Rue Marc Antoine Charpentier 77000 Melun;0,22920742
557;23/05/17;27/11/18;675877,72339000;6827696,08186000;60742;Salle de Crise - SAMU 77;Salle de crise du SAMU;2,rue Fréteau de Pény;77000;Melun;Non renseigné;77288;59446;UO_00523;uo;Rue Marc Antoine Charpentier 77000 Melun;0,22920742
558;23/05/17;27/11/18;675877,72339000;6827696,08186000;60745;Unité de Surveillance Continue;Unité de surveillance continue (USC) médecine et chirurgie (polyvalente);2,rue Fréteau de Pény;77000;Melun;Non renseigné;77288;59446;UO_00598;uo;Rue Marc Antoine Charpentier 77000 Melun;0,22920742
562;23/05/17;27/11/18;675877,72339000;6827696,08186000;61179;Urgences gynécologiques;Accueil urgences gynécologiques;2,rue Fréteau de Pény;77000;Melun;Non renseigné;77288;59446;UO_00092;uo;Rue Marc Antoine Charpentier 77000 Melun;0,22920742
563;23/05/17;27/11/18;675877,72339000;6827696,08186000;61120;Centre de Lutte Anti Tuberculose (CLAT);Centre de lutte anti tuberculeuse (CLAT);2,rue Fréteau de Pény;77000;Melun;Non renseigné;77288;59446;UO_00135;uo;Rue Marc Antoine Charpentier 77000 Melun;0,22920742
564;23/05/17;27/11/18;675877,72339000;6827696,08186000;61180;Urgences obstétricales;Accueil urgences obstétricales;2,rue Fréteau de Pény;77000;Melun;Non renseigné;77288;59446;UO_00095;uo;Rue Marc Antoine Charpentier 77000 Melun;0,22920742
565;23/05/17;27/11/18;675877,72339000;6827696,08186000;61206;Bloc chirurgie de la main;Bloc chirurgie de la main;2,rue Fréteau de Pény;77000;Melun;Non renseigné;77288;59446;UO_00106;uo;Rue Marc Antoine Charpentier 77000 Melun;0,22920742
570;23/05/17;27/11/18;675877,72339000;6827696,08186000;61202;Bloc Stomatologie;Bloc stomatologie;2,rue Fréteau de Pény;77000;Melun;Non renseigné;77288;59446;UO_00124;uo;Rue Marc Antoine Charpentier 77000 Melun;0,22920742
571;23/05/17;27/11/18;675877,72339000;6827696,08186000;60902;Hospitalisation hématologie;Hospitalisation complète (HC) hématologie;2,rue Fréteau de Pény;77000;Melun;Non renseigné;77288;59446;UO_00466;uo;Rue Marc Antoine Charpentier 77000 Melun;0,22920742
572;23/05/17;27/11/18;675877,72339000;6827696,08186000;60903;Hospitalisation oncologie;Hospitalisation complète (HC) cancérologie oncologie;2,rue Fréteau de Pény;77000;Melun;Non renseigné;77288;59446;UO_00293;uo;Rue Marc Antoine Charpentier 77000 Melun;0,22920742
573;23/05/17;27/11/18;675877,72339000;6827696,08186000;60904;Endoscopie broncho-pulmonaire;Salle d'endoscopie broncho-pulmonaire (fibroscopie broncho-pulmonaire);2,rue Fréteau de Pény;77000;Melun;Non renseigné;77288;59446;UO_00544;uo;Rue Marc Antoine Charpentier 77000 Melun;0,22920742
574;23/05/17;27/11/18;675877,72339000;6827696,08186000;60905;Salle d'échographie cardiaque;Salle d'échographie cardiaque;2,rue Fréteau de Pény;77000;Melun;Non renseigné;77288;59446;UO_00540;uo;Rue Marc Antoine Charpentier 77000 Melun;0,22920742
576;23/05/17;27/11/18;675877,72339000;6827696,08186000;61143;Hospitalisation chirurgie gynécologique;Hospitalisation complète (HC) chirurgie gynécologique;2,rue Fréteau de Pény;77000;Melun;Non renseigné;77288;59446;UO_00299;uo;Rue Marc Antoine Charpentier 77000 Melun;0,22920742
577;23/05/17;27/11/18;675877,72339000;6827696,08186000;61144;Maternité;Hospitalisation complète (HC) obstétrique;2,rue Fréteau de Pény;77000;Melun;Non renseigné;77288;59446;UO_00482;uo;Rue Marc Antoine Charpentier 77000 Melun;0,22920742
579;23/05/17;27/11/18;675877,72339000;6827696,08186000;61161;Hospitalisation Gynécologie;Hospitalisation complète (HC) gynécologie obstétrique;2,rue Fréteau de Pény;77000;Melun;Non renseigné;77288;59446;UO_00465;uo;Rue Marc Antoine Charpentier 77000 Melun;0,22920742
580;23/05/17;27/11/18;675877,72339000;6827696,08186000;61162;IVG;Hospitalisation interruption de grossesse (IVG/IMG) orthogénie;2,rue Fréteau de Pény;77000;Melun;Non renseigné;77288;59446;UO_00499;uo;Rue Marc Antoine Charpentier 77000 Melun;0,22920742
581;23/05/17;27/11/18;675877,72339000;6827696,08186000;61181;Salle d'échographie obstétricale;Salle d'échographie obstétrique;2,rue Fréteau de Pény;77000;Melun;Non renseigné;77288;59446;UO_00541;uo;Rue Marc Antoine Charpentier 77000 Melun;0,22920742
582;23/05/17;27/11/18;675877,72339000;6827696,08186000;61182;Salle de travail;Salle de travail (salle de naissance);2,rue Fréteau de Pény;77000;Melun;Non renseigné;77288;59446;UO_00538;uo;Rue Marc Antoine Charpentier 77000 Melun;0,22920742
583;23/05/17;27/11/18;675877,72339000;6827696,08186000;61199;Salle de Réveil;Salle de surveillance post-interventionnelle SSPI (réveil);2,rue Fréteau de Pény;77000;Melun;Non renseigné;77288;59446;UO_00535;uo;Rue Marc Antoine Charpentier 77000 Melun;0,22920742
585;23/05/17;27/11/18;675877,72339000;6827696,08186000;61201;Bloc ORL;Bloc oto-rhino-laryngologie (ORL) et chirurgie cervico-faciale;2,rue Fréteau de Pény;77000;Melun;Non renseigné;77288;59446;UO_00122;uo;Rue Marc Antoine Charpentier 77000 Melun;0,22920742
588;23/05/17;27/11/18;675877,72339000;6827696,08186000;61205;Bloc chirurgie urologique;Bloc chirurgie urologique (urologie);2,rue Fréteau de Pény;77000;Melun;Non renseigné;77288;59446;UO_00114;uo;Rue Marc Antoine Charpentier 77000 Melun;0,22920742
589;23/05/17;27/11/18;675877,72339000;6827696,08186000;60639;Réanimation polyvalente;Réanimation médecine et chirurgie (polyvalente) adulte;2,rue Fréteau de Pény;77000;Melun;Non renseigné;77288;59446;UO_00510;uo;Rue Marc Antoine Charpentier 77000 Melun;0,22920742
590;23/05/17;27/11/18;675877,72339000;6827696,08186000;60824;Bloc chirurgie viscérale;Bloc chirurgie viscérale et digestive;2,rue Fréteau de Pény;77000;Melun;Non renseigné;77288;59446;UO_00116;uo;Rue Marc Antoine Charpentier 77000 Melun;0,22920742
591;23/05/17;27/11/18;675877,72339000;6827696,08186000;60699;IRM;Salle d'IRM;2,rue Fréteau de Pény;77000;Melun;Non renseigné;77288;59446;UO_00552;uo;Rue Marc Antoine Charpentier 77000 Melun;0,22920742
594;23/05/17;27/11/18;675877,72339000;6827696,08186000;105431;Ambulatoire ORL;Chirurgie ambulatoire oto-rhino-laryngologie (ORL) et cervico-faciale;2,rue Fréteau de Pény;77000;Melun;Non renseigné;77288;59446;UO_00153;uo;Rue Marc Antoine Charpentier 77000 Melun;0,22920742
595;23/05/17;27/11/18;675877,72339000;6827696,08186000;105432;Ambulatoire Orthopedie Traumatologie;Chirurgie ambulatoire orthopédique et traumatologie;2,rue Fréteau de Pény;77000;Melun;Non renseigné;77288;59446;UO_00152;uo;Rue Marc Antoine Charpentier 77000 Melun;0,22920742
596;23/05/17;27/11/18;675877,72339000;6827696,08186000;105433;Ambulatoire Stomatologie;Chirurgie ambulatoire stomatologie;2,rue Fréteau de Pény;77000;Melun;Non renseigné;77288;59446;UO_00157;uo;Rue Marc Antoine Charpentier 77000 Melun;0,22920742
598;23/05/17;27/11/18;675877,72339000;6827696,08186000;105435;CAC Ambulatoire - Consultations et Suivis;Centre d'accueil et de crise (CAC) / Centre d'accueil permanent (CAP) psychiatrie générale;2,rue Fréteau de Pény;77000;Melun;Non renseigné;77288;59446;UO_00130;uo;Rue Marc Antoine Charpentier 77000 Melun;0,22920742
599;23/05/17;27/11/18;675877,72339000;6827696,08186000;105436;Epreuve d'effort cardiologie;Explorations fonctionnelles cardiologie;2,rue Fréteau de Pény;77000;Melun;Non renseigné;77288;59446;UO_00275;uo;Rue Marc Antoine Charpentier 77000 Melun;0,22920742
600;23/05/17;27/11/18;675877,72339000;6827696,08186000;105437;Equipe mobile de soins palliatifs;Equipe Mobile de Soins Palliatifs (EMSP);2,rue Fréteau de Pény;77000;Melun;Non renseigné;77288;59446;UO_00273;uo;Rue Marc Antoine Charpentier 77000 Melun;0,22920742
601;23/05/17;27/11/18;675877,72339000;6827696,08186000;105438;Equipe mobile douleur;Equipe mobile d'algologie;2,rue Fréteau de Pény;77000;Melun;Non renseigné;77288;59446;UO_00274;uo;Rue Marc Antoine Charpentier 77000 Melun;0,22920742
602;23/05/17;27/11/18;675877,72339000;6827696,08186000;105439;Equipe Mobile Psychiatrie Précarité;Equipe mobile de psychiatrie;2,rue Fréteau de Pény;77000;Melun;Non renseigné;77288;59446;UO_00270;uo;Rue Marc Antoine Charpentier 77000 Melun;0,22920742
603;23/05/17;27/11/18;675877,72339000;6827696,08186000;105440;Exploration du sommeil- Hospitalisation;Hospitalisation de nuit pneumologie;2,rue Fréteau de Pény;77000;Melun;Non renseigné;77288;59446;UO_00387;uo;Rue Marc Antoine Charpentier 77000 Melun;0,22920742
604;23/05/17;27/11/18;675877,72339000;6827696,08186000;105441;HDJ de lutte anti-tuberculeuse;Hospitalisation de jour (HDJ) pneumologie;2,rue Fréteau de Pény;77000;Melun;Non renseigné;77288;59446;UO_00358;uo;Rue Marc Antoine Charpentier 77000 Melun;0,22920742
606;23/05/17;27/11/18;675877,72339000;6827696,08186000;105443;Hopital De Jour Gastro-entérologie;Hospitalisation de jour (HDJ) gastro-entérologie;2,rue Fréteau de Pény;77000;Melun;Non renseigné;77288;59446;UO_00335;uo;Rue Marc Antoine Charpentier 77000 Melun;0,22920742
607;23/05/17;27/11/18;675877,72339000;6827696,08186000;105444;Hospitalisation médecine polyvalente B5;Hospitalisation complète (HC) médecine polyvalente;2,rue Fréteau de Pény;77000;Melun;Non renseigné;77288;59446;UO_00475;uo;Rue Marc Antoine Charpentier 77000 Melun;0,22920742
612;23/05/17;27/11/18;675877,72339000;6827696,08186000;105450;Hôpital de Jour Cardiologie;Hospitalisation de jour (HDJ) cardiologie;2,rue Fréteau de Pény;77000;Melun;Non renseigné;77288;59446;UO_00331;uo;Rue Marc Antoine Charpentier 77000 Melun;0,22920742
613;23/05/17;27/11/18;675877,72339000;6827696,08186000;105451;Hôpital de Jour Diabétologie;Hospitalisation de jour (HDJ) endocrinologie, diabétologie, métabolisme et nutrition;2,rue Fréteau de Pény;77000;Melun;Non renseigné;77288;59446;UO_00334;uo;Rue Marc Antoine Charpentier 77000 Melun;0,22920742
614;23/05/17;27/11/18;675877,72339000;6827696,08186000;105452;Hôpital de Jour Hématologie;Hospitalisation de jour (HDJ) hématologie;2,rue Fréteau de Pény;77000;Melun;Non renseigné;77288;59446;UO_00341;uo;Rue Marc Antoine Charpentier 77000 Melun;0,22920742
615;23/05/17;27/11/18;675877,72339000;6827696,08186000;105453;Hôpital de jour infanto-juvénil La Rochette;Hospitalisation de jour (HDJ) psychiatrie;2,rue Fréteau de Pény;77000;Melun;Non renseigné;77288;59446;UO_00359;uo;Rue Marc Antoine Charpentier 77000 Melun;0,22920742
616;23/05/17;27/11/18;675877,72339000;6827696,08186000;105454;Hôpital de Jour Médecine Générale;Hospitalisation de jour (HDJ) médecine polyvalente;2,rue Fréteau de Pény;77000;Melun;Non renseigné;77288;59446;UO_00348;uo;Rue Marc Antoine Charpentier 77000 Melun;0,22920742
617;23/05/17;27/11/18;675877,72339000;6827696,08186000;105455;Hôpital de Jour Médecine polyvalente A5;Hospitalisation de jour (HDJ) médecine polyvalente;2,rue Fréteau de Pény;77000;Melun;Non renseigné;77288;59446;UO_00348;uo;Rue Marc Antoine Charpentier 77000 Melun;0,22920742
618;23/05/17;27/11/18;675877,72339000;6827696,08186000;105458;Hôpital de Jour Pneumologie;Hospitalisation de jour (HDJ) pneumologie;2,rue Fréteau de Pény;77000;Melun;Non renseigné;77288;59446;UO_00358;uo;Rue Marc Antoine Charpentier 77000 Melun;0,22920742
619;23/05/17;27/11/18;675877,72339000;6827696,08186000;105459;Hôpital de jour intersectoriel;Hospitalisation de jour (HDJ) psychiatrie;2,rue Fréteau de Pény;77000;Melun;Non renseigné;77288;59446;UO_00359;uo;Rue Marc Antoine Charpentier 77000 Melun;0,22920742
620;23/05/17;27/11/18;675877,72339000;6827696,08186000;105460;Hôpital de semaine d'hématologie;Hospitalisation de semaine (HDS) hématologie;2,rue Fréteau de Pény;77000;Melun;Non renseigné;77288;59446;UO_00414;uo;Rue Marc Antoine Charpentier 77000 Melun;0,22920742
621;23/05/17;27/11/18;675877,72339000;6827696,08186000;105461;Hôpital de semaine de diabétologie;Hospitalisation de semaine (HDS) endocrinologie, diabétologie, métabolisme et nutrition;2,rue Fréteau de Pény;77000;Melun;Non renseigné;77288;59446;UO_00408;uo;Rue Marc Antoine Charpentier 77000 Melun;0,22920742
622;23/05/17;27/11/18;675877,72339000;6827696,08186000;105462;Hôpital de semaine de gastro-entérologie;Hospitalisation de semaine (HDS) gastro-entérologie;2,rue Fréteau de Pény;77000;Melun;Non renseigné;77288;59446;UO_00409;uo;Rue Marc Antoine Charpentier 77000 Melun;0,22920742
623;23/05/17;27/11/18;675877,72339000;6827696,08186000;105463;Hôpital de semaine de médecine polyvalente;Hospitalisation de semaine (HDS) médecine polyvalente;2,rue Fréteau de Pény;77000;Melun;Non renseigné;77288;59446;UO_00420;uo;Rue Marc Antoine Charpentier 77000 Melun;0,22920742
624;23/05/17;27/11/18;675877,72339000;6827696,08186000;105464;Hôpital de semaine de néphrologie;Hospitalisation de semaine (HDS) néphrologie;2,rue Fréteau de Pény;77000;Melun;Non renseigné;77288;59446;UO_00422;uo;Rue Marc Antoine Charpentier 77000 Melun;0,22920742
625;23/05/17;27/11/18;675877,72339000;6827696,08186000;105465;Hôpital de semaine de pneumologie;Hospitalisation de semaine (HDS) pneumologie;2,rue Fréteau de Pény;77000;Melun;Non renseigné;77288;59446;UO_00429;uo;Rue Marc Antoine Charpentier 77000 Melun;0,22920742
626;23/05/17;27/11/18;675877,72339000;6827696,08186000;105466;Radiologie interventionnelle;Salle de radiologie interventionnelle;2,rue Fréteau de Pény;77000;Melun;Non renseigné;77288;59446;UO_00531;uo;Rue Marc Antoine Charpentier 77000 Melun;0,22920742
627;23/05/17;27/11/18;675877,72339000;6827696,08186000;105467;Scanner 64 barettes;Salle de scanner (TDM);2,rue Fréteau de Pény;77000;Melun;Non renseigné;77288;59446;UO_00533;uo;Rue Marc Antoine Charpentier 77000 Melun;0,22920742
628;23/05/17;27/11/18;675877,72339000;6827696,08186000;105470;UPLI Adultes;Unité psychiatrique de liaison intersectorielle (UPLI);2,rue Fréteau de Pény;77000;Melun;Non renseigné;77288;59446;UO_00613;uo;Rue Marc Antoine Charpentier 77000 Melun;0,22920742
629;23/05/17;27/11/18;675877,72339000;6827696,08186000;105471;UPLI Infanto-Juvénile;Pédopsychiatrie de liaison;2,rue Fréteau de Pény;77000;Melun;Non renseigné;77288;59446;UO_00501;uo;Rue Marc Antoine Charpentier 77000 Melun;0,22920742
630;23/05/17;27/11/18;675877,72339000;6827696,08186000;105472;Urgences Psychiatriques;Accueil urgences psychiatrie;2,rue Fréteau de Pény;77000;Melun;Non renseigné;77288;59446;UO_00097;uo;Rue Marc Antoine Charpentier 77000 Melun;0,22920742
632;23/05/17;27/11/18;675877,72339000;6827696,08186000;105457;Hôpital de Jour Oncologie;Hospitalisation de jour (HDJ) cancérologie oncologie;2,rue Fréteau de Pény;77000;Melun;Non renseigné;77288;59446;UO_00330;uo;Rue Marc Antoine Charpentier 77000 Melun;0,22920742
633;23/05/17;27/11/18;675877,72339000;6827696,08186000;105468;Unité Sanitaire du Centre de Détention de Melun;Unité de consultations et de soins ambulatoires (UCSA);2,rue Fréteau de Pény;77000;Melun;Non renseigné;77288;59446;UO_00561;uo;Rue Marc Antoine Charpentier 77000 Melun;0,22920742
635;23/05/17;27/11/18;675877,72339000;6827696,08186000;105428;Ambulatoire Chirurgie Viscérale;Chirurgie ambulatoire viscérale et digestive;2,rue Fréteau de Pény;77000;Melun;Non renseigné;77288;59446;UO_00161;uo;Rue Marc Antoine Charpentier 77000 Melun;0,22920742
636;23/05/17;27/11/18;675877,72339000;6827696,08186000;105456;Hôpital de Jour Néphro-dialyse;Hospitalisation de jour (HDJ) néphrologie;2,rue Fréteau de Pény;77000;Melun;Non renseigné;77288;59446;UO_00350;uo;Rue Marc Antoine Charpentier 77000 Melun;0,22920742
14102;27/11/17;27/11/18;675877,72339000;6827696,08186000;209410;Soins intensifs Néonatologie;Unité de soins intensifs (USI) néonatologie;2,rue Fréteau de Pény;77000;Melun;Non renseigné;77288;59446;UO_00579;uo;Rue Marc Antoine Charpentier 77000 Melun;0,22920742
14103;27/11/17;27/11/18;675877,72339000;6827696,08186000;209411;UHCD Adultes;Unité d'hospitalisation de courte durée (UHCD), lits porte;2,rue Fréteau de Pény;77000;Melun;Non renseigné;77288;59446;UO_00605;uo;Rue Marc Antoine Charpentier 77000 Melun;0,22920742
14104;27/11/17;27/11/18;675877,72339000;6827696,08186000;209412;UHCD pédiatrie;Unité d'hospitalisation de courte durée (UHCD), lits porte;2,rue Fréteau de Pény;77000;Melun;Non renseigné;77288;59446;UO_00605;uo;Rue Marc Antoine Charpentier 77000 Melun;0,22920742
14105;27/11/17;27/11/18;675877,72339000;6827696,08186000;209413;Urgences chirurgicales pédiatriques;Accueil urgences chirurgie;2,rue Fréteau de Pény;77000;Melun;Non renseigné;77288;59446;UO_00091;uo;Rue Marc Antoine Charpentier 77000 Melun;0,22920742
14106;27/11/17;27/11/18;675877,72339000;6827696,08186000;209414;Urgences médico chirurgicales;Accueil urgences polyvalentes (urgence médecine et urgence chirurgie);2,rue Fréteau de Pény;77000;Melun;Non renseigné;77288;59446;UO_00096;uo;Rue Marc Antoine Charpentier 77000 Melun;0,22920742
14107;27/11/17;27/11/18;675877,72339000;6827696,08186000;209415;Urgences pédiatriques;Accueil urgences médecine;2,rue Fréteau de Pény;77000;Melun;Non renseigné;77288;59446;UO_00093;uo;Rue Marc Antoine Charpentier 77000 Melun;0,22920742
14108;27/11/17;27/11/18;675877,72339000;6827696,08186000;209392;Bloc maternité;Bloc obstétrical;2,rue Fréteau de Pény;77000;Melun;Non renseigné;77288;59446;UO_00118;uo;Rue Marc Antoine Charpentier 77000 Melun;0,22920742
14109;27/11/17;27/11/18;675877,72339000;6827696,08186000;209393;Déchocage Adulte;Salle d'accueil des urgences vitales (SAUV) - déchocage;2,rue Fréteau de Pény;77000;Melun;Non renseigné;77288;59446;UO_00518;uo;Rue Marc Antoine Charpentier 77000 Melun;0,22920742
14110;27/11/17;27/11/18;675877,72339000;6827696,08186000;209394;Déchocage pédiatrique;Salle d'accueil des urgences vitales (SAUV) - déchocage;2,rue Fréteau de Pény;77000;Melun;Non renseigné;77288;59446;UO_00518;uo;Rue Marc Antoine Charpentier 77000 Melun;0,22920742
14111;27/11/17;27/11/18;675877,72339000;6827696,08186000;209395;HDJ Pédiatrie;Hospitalisation de jour (HDJ) pédiatrie;2,rue Fréteau de Pény;77000;Melun;Non renseigné;77288;59446;UO_00357;uo;Rue Marc Antoine Charpentier 77000 Melun;0,22920742
14112;27/11/17;27/11/18;675877,72339000;6827696,08186000;209396;Hospitalisation de chirurgie viscérale (UCV);Hospitalisation complète (HC) chirurgie viscérale et digestive;2,rue Fréteau de Pény;77000;Melun;Non renseigné;77288;59446;UO_00307;uo;Rue Marc Antoine Charpentier 77000 Melun;0,22920742
14113;27/11/17;27/11/18;675877,72339000;6827696,08186000;209390;Ambulatoire Gynécologie;Chirurgie ambulatoire gynécologique;2,rue Fréteau de Pény;77000;Melun;Non renseigné;77288;59446;UO_00147;uo;Rue Marc Antoine Charpentier 77000 Melun;0,22920742
14114;27/11/17;27/11/18;675877,72339000;6827696,08186000;209391;Bloc gynécologique;Bloc chirurgie gynécologique;2,rue Fréteau de Pény;77000;Melun;Non renseigné;77288;59446;UO_00108;uo;Rue Marc Antoine Charpentier 77000 Melun;0,22920742
14115;27/11/17;27/11/18;675877,72339000;6827696,08186000;209398;Hospitalisation ORL;Hospitalisation complète (HC) oto-rhino-laryngologie (ORL) et chirurgie cervico-faciale;2,rue Fréteau de Pény;77000;Melun;Non renseigné;77288;59446;UO_00485;uo;Rue Marc Antoine Charpentier 77000 Melun;0,22920742
14116;27/11/17;27/11/18;675877,72339000;6827696,08186000;209399;Hospitalisation Orthopédie;Hospitalisation complète (HC) chirurgie orthopédique et traumatologie;2,rue Fréteau de Pény;77000;Melun;Non renseigné;77288;59446;UO_00301;uo;Rue Marc Antoine Charpentier 77000 Melun;0,22920742
14117;27/11/17;27/11/18;675877,72339000;6827696,08186000;209400;Hospitalisation pédiatrie grands enfants;Hospitalisation complète (HC) pédiatrie;2,rue Fréteau de Pény;77000;Melun;Non renseigné;77288;59446;UO_00486;uo;Rue Marc Antoine Charpentier 77000 Melun;0,22920742
14118;27/11/17;27/11/18;675877,72339000;6827696,08186000;209401;Hospitalisation pédiatrique - Nourrissons;Hospitalisation complète (HC) pédiatrie;2,rue Fréteau de Pény;77000;Melun;Non renseigné;77288;59446;UO_00486;uo;Rue Marc Antoine Charpentier 77000 Melun;0,22920742
14119;27/11/17;27/11/18;675877,72339000;6827696,08186000;209402;Hospitalisation pédiatrique - Néonatologie;Hospitalisation complète (HC) pédiatrie;2,rue Fréteau de Pény;77000;Melun;Non renseigné;77288;59446;UO_00486;uo;Rue Marc Antoine Charpentier 77000 Melun;0,22920742
14120;27/11/17;27/11/18;675877,72339000;6827696,08186000;209403;Hospitalisation pédiatrique Mère-enfant (nourrisson);Hospitalisation complète (HC) pédiatrie;2,rue Fréteau de Pény;77000;Melun;Non renseigné;77288;59446;UO_00486;uo;Rue Marc Antoine Charpentier 77000 Melun;0,22920742
14121;27/11/17;27/11/18;675877,72339000;6827696,08186000;209404;Hospitalisation stomatologie;Hospitalisation complète (HC) stomatologie;2,rue Fréteau de Pény;77000;Melun;Non renseigné;77288;59446;UO_00498;uo;Rue Marc Antoine Charpentier 77000 Melun;0,22920742
14122;27/11/17;27/11/18;675877,72339000;6827696,08186000;209405;Hospitalisation urologie;Hospitalisation complète (HC) chirurgie urologique (urologie);2,rue Fréteau de Pény;77000;Melun;Non renseigné;77288;59446;UO_00305;uo;Rue Marc Antoine Charpentier 77000 Melun;0,22920742
14123;27/11/17;27/11/18;675877,72339000;6827696,08186000;209406;Hôpital de jour bilan mémoire;Hospitalisation de jour (HDJ) gériatrie aiguë;2,rue Fréteau de Pény;77000;Melun;Non renseigné;77288;59446;UO_00337;uo;Rue Marc Antoine Charpentier 77000 Melun;0,22920742
14124;27/11/17;27/11/18;675877,72339000;6827696,08186000;209407;PDSES chirurgie digestive et viscérale Melun;Accueil PDSES chirurgie digestive et viscérale;2,rue Fréteau de Pény;77000;Melun;Non renseigné;77288;59446;UO_00009;uo;Rue Marc Antoine Charpentier 77000 Melun;0,22920742
14125;27/11/17;27/11/18;675877,72339000;6827696,08186000;209408;PDSES chirurgie orthopédique et traumatologique;Accueil PDSES chirurgie orthopédique et traumatologie;2,rue Fréteau de Pény;77000;Melun;Non renseigné;77288;59446;UO_00011;uo;Rue Marc Antoine Charpentier 77000 Melun;0,22920742
14126;27/11/17;27/11/18;675877,72339000;6827696,08186000;209409;Risques sanitaires / situations exceptionnelles;Accueil plan blanc;2,rue Fréteau de Pény;77000;Melun;Non renseigné;77288;59446;UO_00045;uo;Rue Marc Antoine Charpentier 77000 Melun;0,22920742
16027;18/12/17;27/11/18;675877,72339000;6827696,08186000;209774;CAMSP;Centre d'action médico-sociale précoce (CAMSP);2,rue Fréteau de Pény;77000;Melun;Non renseigné;77288;59446;UO_00132;uo;Rue Marc Antoine Charpentier 77000 Melun;0,22920742
16028;18/12/17;27/11/18;675877,72339000;6827696,08186000;209775;Consultation diabétologie obstétricale;Consultation diabétologie;2,rue Fréteau de Pény;77000;Melun;Non renseigné;77288;59446;UO_00191;uo;Rue Marc Antoine Charpentier 77000 Melun;0,22920742
16029;18/12/17;27/11/18;675877,72339000;6827696,08186000;209776;Consultation gynécologie;Consultation gynécologie médicale;2,rue Fréteau de Pény;77000;Melun;Non renseigné;77288;59446;UO_00203;uo;Rue Marc Antoine Charpentier 77000 Melun;0,22920742
16030;18/12/17;27/11/18;675877,72339000;6827696,08186000;209777;consultation obstétrique;Consultation gynécologie obstétrique;2,rue Fréteau de Pény;77000;Melun;Non renseigné;77288;59446;UO_00204;uo;Rue Marc Antoine Charpentier 77000 Melun;0,22920742
16031;18/12/17;27/11/18;675877,72339000;6827696,08186000;209778;Consultation planification familiale;Consultation planification familiale;2,rue Fréteau de Pény;77000;Melun;Non renseigné;77288;59446;UO_00240;uo;Rue Marc Antoine Charpentier 77000 Melun;0,22920742
16032;18/12/17;27/11/18;675877,72339000;6827696,08186000;209779;Consultation pédiatrie;Consultation pédiatrie;2,rue Fréteau de Pény;77000;Melun;Non renseigné;77288;59446;UO_00239;uo;Rue Marc Antoine Charpentier 77000 Melun;0,22920742
16033;18/12/17;27/11/18;675877,72339000;6827696,08186000;209780;Consultations externes anesthésiologie;Consultation anesthésie;2,rue Fréteau de Pény;77000;Melun;Non renseigné;77288;59446;UO_00168;uo;Rue Marc Antoine Charpentier 77000 Melun;0,22920742
16034;18/12/17;27/11/18;675877,72339000;6827696,08186000;209861;Consultations externes anti-douleur;Consultation évaluation et traitement de la douleur (algologie);2,rue Fréteau de Pény;77000;Melun;Non renseigné;77288;59446;UO_00200;uo;Rue Marc Antoine Charpentier 77000 Melun;0,22920742
16035;18/12/17;27/11/18;675877,72339000;6827696,08186000;209862;Consultations externes chirurgie orthopédique et traumatologique;Consultation chirurgie orthopédique et traumatologie;2,rue Fréteau de Pény;77000;Melun;Non renseigné;77288;59446;UO_00184;uo;Rue Marc Antoine Charpentier 77000 Melun;0,22920742
16036;18/12/17;27/11/18;675877,72339000;6827696,08186000;209863;Consultations externes chirurgie viscérale;Consultation chirurgie viscérale et digestive;2,rue Fréteau de Pény;77000;Melun;Non renseigné;77288;59446;UO_00189;uo;Rue Marc Antoine Charpentier 77000 Melun;0,22920742
16037;18/12/17;27/11/18;675877,72339000;6827696,08186000;209864;Consultations externes ORL;Consultation oto-rhino-laryngologie (ORL) et chirurgie cervico-faciale;2,rue Fréteau de Pény;77000;Melun;Non renseigné;77288;59446;UO_00237;uo;Rue Marc Antoine Charpentier 77000 Melun;0,22920742
16038;18/12/17;27/11/18;675877,72339000;6827696,08186000;209865;Consultations externes stomatologie;Consultation stomatologie;2,rue Fréteau de Pény;77000;Melun;Non renseigné;77288;59446;UO_00259;uo;Rue Marc Antoine Charpentier 77000 Melun;0,22920742
16039;18/12/17;27/11/18;675877,72339000;6827696,08186000;209866;Equipe Mobile de Lutte contre la douleur;Equipe mobile d'algologie;2,rue Fréteau de Pény;77000;Melun;Non renseigné;77288;59446;UO_00274;uo;Rue Marc Antoine Charpentier 77000 Melun;0,22920742
16040;18/12/17;27/11/18;675877,72339000;6827696,08186000;209867;hospitalisation complète en cardiologie;Hospitalisation complète (HC) cardiologie;2,rue Fréteau de Pény;77000;Melun;Non renseigné;77288;59446;UO_00294;uo;Rue Marc Antoine Charpentier 77000 Melun;0,22920742
16041;18/12/17;27/11/18;675877,72339000;6827696,08186000;209868;hospitalisation médecine polyvalente A5;Hospitalisation complète (HC) médecine vasculaire;2,rue Fréteau de Pény;77000;Melun;Non renseigné;77288;59446;UO_00476;uo;Rue Marc Antoine Charpentier 77000 Melun;0,22920742
16042;18/12/17;27/11/18;675877,72339000;6827696,08186000;209869;Hospitalisation Psychiatrie Adulte 77G01- ARIANE;Hospitalisation complète (HC) psychiatrie;2,rue Fréteau de Pény;77000;Melun;Non renseigné;77288;59446;UO_00488;uo;Rue Marc Antoine Charpentier 77000 Melun;0,22920742
16043;18/12/17;27/11/18;675877,72339000;6827696,08186000;209870;Hospitalisation Psychiatrie Adulte 77G02 Savigny le Temple;Hospitalisation complète (HC) psychiatrie;2,rue Fréteau de Pény;77000;Melun;Non renseigné;77288;59446;UO_00488;uo;Rue Marc Antoine Charpentier 77000 Melun;0,22920742
16044;18/12/17;27/11/18;675877,72339000;6827696,08186000;209871;Hospitalisation Psychiatrie Adulte 77G03 - Boreal;Hospitalisation complète (HC) psychiatrie;2,rue Fréteau de Pény;77000;Melun;Non renseigné;77288;59446;UO_00488;uo;Rue Marc Antoine Charpentier 77000 Melun;0,22920742
16045;18/12/17;27/11/18;675877,72339000;6827696,08186000;209872;Hospitalisation Psychiatrie Adulte 77G04 - Austral;Hospitalisation complète (HC) psychiatrie;2,rue Fréteau de Pény;77000;Melun;Non renseigné;77288;59446;UO_00488;uo;Rue Marc Antoine Charpentier 77000 Melun;0,22920742
16046;18/12/17;27/11/18;675877,72339000;6827696,08186000;209873;Hospitalisation vasculaire;Hospitalisation complète (HC) médecine vasculaire;2,rue Fréteau de Pény;77000;Melun;Non renseigné;77288;59446;UO_00476;uo;Rue Marc Antoine Charpentier 77000 Melun;0,22920742
16047;18/12/17;27/11/18;675877,72339000;6827696,08186000;209874;SSR gériatrique - Dr AUFAURE;Hospitalisation complète (HC) SSR affections de la personne âgée polypathologique, dépendante ou à risque de dépendance;2,rue Fréteau de Pény;77000;Melun;Non renseigné;77288;59446;UO_00309;uo;Rue Marc Antoine Charpentier 77000 Melun;0,22920742
